{
  "mca:recipes/building_blocks/headstones": {
    "criteria": {
      "has_ingredients": "2024-05-27 03:51:50 +0000"
    },
    "done": true
  },
  "xercamusic:achievements/root": {
    "criteria": {
      "crafting_table": "2024-05-27 03:51:50 +0000"
    },
    "done": true
  },
  "mca:recipes/misc/potions": {
    "criteria": {
      "has_item": "2024-05-27 03:51:50 +0000"
    },
    "done": true
  },
  "xercamusic:recipes/tubular_bell": {
    "criteria": {
      "has_item": "2024-05-27 03:51:50 +0000"
    },
    "done": true
  },
  "xercamusic:recipes/cello": {
    "criteria": {
      "has_item": "2024-05-27 03:51:50 +0000"
    },
    "done": true
  },
  "mca:recipes/building_blocks/rose_gold_block": {
    "criteria": {
      "has_item": "2024-05-27 03:51:50 +0000"
    },
    "done": true
  },
  "xercamusic:recipes/drum_kit": {
    "criteria": {
      "has_item": "2024-05-27 03:51:50 +0000"
    },
    "done": true
  },
  "mca:recipes/misc/needle_and_thread": {
    "criteria": {
      "has_item": "2024-05-27 03:51:50 +0000"
    },
    "done": true
  },
  "xercamusic:recipes/french_horn": {
    "criteria": {
      "has_item": "2024-05-27 03:51:50 +0000"
    },
    "done": true
  },
  "mca:recipes/misc/comb": {
    "criteria": {
      "has_item": "2024-05-27 03:51:50 +0000"
    },
    "done": true
  },
  "xercamusic:recipes/bass_guitar": {
    "criteria": {
      "has_item": "2024-05-27 03:51:50 +0000"
    },
    "done": true
  },
  "mca:recipes/misc/rose_gold_ingot_blasting": {
    "criteria": {
      "has_item": "2024-05-27 03:51:50 +0000"
    },
    "done": true
  },
  "xercamusic:recipes/oboe": {
    "criteria": {
      "has_item": "2024-05-27 03:51:50 +0000"
    },
    "done": true
  },
  "mca:recipes/misc/family_tree": {
    "criteria": {
      "has_item": "2024-05-27 03:51:50 +0000"
    },
    "done": true
  },
  "xercamusic:recipes/saxophone": {
    "criteria": {
      "has_item": "2024-05-27 03:51:50 +0000"
    },
    "done": true
  },
  "minecraft:adventure/adventuring_time": {
    "criteria": {
      "minecraft:taiga": "2024-05-27 03:53:09 +0000",
      "minecraft:plains": "2024-05-27 03:51:51 +0000"
    },
    "done": false
  },
  "mca:root": {
    "criteria": {
      "village_taiga": "2024-05-27 03:51:51 +0000",
      "village_savanna": "2024-05-27 03:51:51 +0000",
      "village_snowy": "2024-05-27 03:51:51 +0000",
      "village_desert": "2024-05-27 03:51:51 +0000",
      "village_plains": "2024-05-27 03:51:51 +0000"
    },
    "done": true
  },
  "minecraft:unlock_deep_pockets_book": {
    "criteria": {
      "exists": "2024-05-27 03:51:51 +0000"
    },
    "done": true
  },
  "xercamusic:recipes/metronome": {
    "criteria": {
      "has_item": "2024-05-27 03:51:50 +0000"
    },
    "done": true
  },
  "xercamusic:recipes/flute": {
    "criteria": {
      "has_item": "2024-05-27 03:51:50 +0000"
    },
    "done": true
  },
  "xercamusic:recipes/violin": {
    "criteria": {
      "has_item": "2024-05-27 03:51:50 +0000"
    },
    "done": true
  },
  "xercamusic:recipes/lyre": {
    "criteria": {
      "has_item": "2024-05-27 03:51:50 +0000"
    },
    "done": true
  },
  "xercamusic:recipes/redstone_guitar": {
    "criteria": {
      "has_item": "2024-05-27 03:51:50 +0000"
    },
    "done": true
  },
  "xercamusic:recipes/music_sheet": {
    "criteria": {
      "has_item": "2024-05-27 03:51:50 +0000"
    },
    "done": true
  },
  "mca:recipes/misc/books": {
    "criteria": {
      "has_item": "2024-05-27 03:51:50 +0000"
    },
    "done": true
  },
  "mca:recipes/misc/rose_gold_ingot_smelting": {
    "criteria": {
      "has_item": "2024-05-27 03:51:50 +0000"
    },
    "done": true
  },
  "mca:recipes/misc/blueprint": {
    "criteria": {
      "has_item": "2024-05-27 03:51:50 +0000"
    },
    "done": true
  },
  "xercamusic:recipes/banjo": {
    "criteria": {
      "has_item": "2024-05-27 03:51:50 +0000"
    },
    "done": true
  },
  "mca:recipes/misc/whistle": {
    "criteria": {
      "has_item": "2024-05-27 03:51:50 +0000"
    },
    "done": true
  },
  "xercamusic:recipes/cymbal": {
    "criteria": {
      "has_item": "2024-05-27 03:51:50 +0000"
    },
    "done": true
  },
  "xercamusic:recipes/guitar": {
    "criteria": {
      "has_item": "2024-05-27 03:51:50 +0000"
    },
    "done": true
  },
  "mca:recipes/misc/rose_gold_ingot": {
    "criteria": {
      "has_item": "2024-05-27 03:51:50 +0000"
    },
    "done": true
  },
  "mca:recipes/misc/staff_of_life": {
    "criteria": {
      "has_item": "2024-05-27 03:51:50 +0000"
    },
    "done": true
  },
  "xercamusic:recipes/sansula": {
    "criteria": {
      "has_item": "2024-05-27 03:51:50 +0000"
    },
    "done": true
  },
  "DataVersion": 2586
}