{
  "minecraft:unlock_deep_pockets_book": {
    "criteria": {
      "exists": "2024-05-27 04:53:30 +0000"
    },
    "done": true
  },
  "xercamusic:recipes/metronome": {
    "criteria": {
      "has_item": "2024-05-27 04:53:30 +0000"
    },
    "done": true
  },
  "xercamusic:recipes/flute": {
    "criteria": {
      "has_item": "2024-05-27 04:53:30 +0000"
    },
    "done": true
  },
  "xercamusic:recipes/violin": {
    "criteria": {
      "has_item": "2024-05-27 04:53:30 +0000"
    },
    "done": true
  },
  "xercamusic:recipes/lyre": {
    "criteria": {
      "has_item": "2024-05-27 04:53:30 +0000"
    },
    "done": true
  },
  "xercamusic:achievements/root": {
    "criteria": {
      "crafting_table": "2024-05-27 04:53:30 +0000"
    },
    "done": true
  },
  "xercamusic:recipes/redstone_guitar": {
    "criteria": {
      "has_item": "2024-05-27 04:53:30 +0000"
    },
    "done": true
  },
  "xercamusic:recipes/tubular_bell": {
    "criteria": {
      "has_item": "2024-05-27 04:53:30 +0000"
    },
    "done": true
  },
  "xercamusic:recipes/music_sheet": {
    "criteria": {
      "has_item": "2024-05-27 04:53:30 +0000"
    },
    "done": true
  },
  "xercamusic:recipes/cello": {
    "criteria": {
      "has_item": "2024-05-27 04:53:30 +0000"
    },
    "done": true
  },
  "xercamusic:recipes/banjo": {
    "criteria": {
      "has_item": "2024-05-27 04:53:30 +0000"
    },
    "done": true
  },
  "xercamusic:recipes/drum_kit": {
    "criteria": {
      "has_item": "2024-05-27 04:53:30 +0000"
    },
    "done": true
  },
  "xercamusic:recipes/cymbal": {
    "criteria": {
      "has_item": "2024-05-27 04:53:30 +0000"
    },
    "done": true
  },
  "xercamusic:recipes/guitar": {
    "criteria": {
      "has_item": "2024-05-27 04:53:30 +0000"
    },
    "done": true
  },
  "xercamusic:recipes/french_horn": {
    "criteria": {
      "has_item": "2024-05-27 04:53:30 +0000"
    },
    "done": true
  },
  "xercamusic:recipes/bass_guitar": {
    "criteria": {
      "has_item": "2024-05-27 04:53:30 +0000"
    },
    "done": true
  },
  "xercamusic:recipes/sansula": {
    "criteria": {
      "has_item": "2024-05-27 04:53:30 +0000"
    },
    "done": true
  },
  "xercamusic:recipes/oboe": {
    "criteria": {
      "has_item": "2024-05-27 04:53:30 +0000"
    },
    "done": true
  },
  "xercamusic:recipes/saxophone": {
    "criteria": {
      "has_item": "2024-05-27 04:53:30 +0000"
    },
    "done": true
  },
  "minecraft:adventure/adventuring_time": {
    "criteria": {
      "minecraft:giant_tree_taiga_hills": "2024-05-27 04:53:30 +0000"
    },
    "done": false
  },
  "DataVersion": 2586
}